{
  "students": [
    {
      "id": 1,
      "name": "Ahmed",
      "age": 20,
      "email": "ahmed@gmail.com"
    },
    {
      "id": 2,
      "name": "Aly",
      "age": 22,
      "email": "aly@gmail.com"
    },
    {
      "id": 3,
      "name": "Sara",
      "age": 25,
      "email": "sara@gmail.com"
    },
    {
      "id": 4,
      "name": "Sama",
      "age": 27,
      "email": "sama@gmail.com"
    },
    {
      "id": 5,
      "name": "Fady",
      "age": 21,
      "email": "fady@gmail.com"
    },
    {
      "id": 6,
      "name": "Tamer",
      "age": 28,
      "email": "tamer@gmail.com"
    },
    {
      "name": "Samy",
      "age": "50",
      "email": "samy@gmail.com",
      "id": 7
    }
  ]
}